Model,Train Accuracy,Val Accuracy,Test Accuracy,Precision,Recall,F1-Score
Logistic Regression,0.6272142857142857,0.494,0.50375,0.5062141491395793,0.5266036797613127,0.5162076529368754
Linear SVM,0.6541428571428571,0.4965,0.505,0.5074915418076366,0.522128294380905,0.5147058823529411
Random Forest,1.0,0.5055,0.51125,0.5146904512067156,0.48781700646444554,0.5008935409752362
Gradient Boosting,0.6961428571428572,0.501,0.5155,0.5173396674584323,0.5415216310293386,0.5291545189504373
